{
    "epoch": 4.0,
    "eval_loss": 2.5318355560302734,
    "eval_runtime": 15.0374,
    "eval_samples": 803,
    "eval_samples_per_second": 53.4,
    "eval_steps_per_second": 6.717,
    "perplexity": 12.576569961554213,
    "train_loss": 2.3808082580566405,
    "train_runtime": 878.1633,
    "train_samples": 3199,
    "train_samples_per_second": 14.571,
    "train_steps_per_second": 7.288
}