{
    "epoch": 4.0,
    "eval_loss": 2.5318355560302734,
    "eval_runtime": 15.0374,
    "eval_samples": 803,
    "eval_samples_per_second": 53.4,
    "eval_steps_per_second": 6.717,
    "perplexity": 12.576569961554213
}